ID,group,Feature 1,Feature 2,Feature 3
ID000,C,2818.190329757489,397.4460457682241,-2422.1568923634554
ID001,A,2923.5378675203033,414.84117787890324,6705.8944521919175
ID002,B,2946.207585986239,413.8591025652524,5898.01230800123
ID003,B,2098.797943959775,392.7657263127411,4209.862094825778
ID004,C,2172.325733117379,369.89004275911293,-1818.0302434974171
ID005,C,2475.56882970256,407.84404478214583,-2062.6534109954882
ID006,C,2777.3194274215352,408.4425178890008,-2389.919385423124
ID007,C,2759.019735325888,393.76543049179855,-2364.8769595133704
ID008,B,1997.627893897366,415.47360886549865,4004.0348184328786
ID009,A,2569.7756761272694,388.27557121081605,5773.603643472657
ID010,A,2648.2738937434306,392.9389153571199,5988.519719317971
ID011,B,2507.899844263862,385.73538125328605,5015.781091697451
ID012,B,2662.7169608469726,413.85018257081356,5322.715057972789
ID013,A,2078.5574374061907,408.3657025374493,4184.4161616686215
ID014,B,2943.2431797189365,397.00143783013135,5880.876701736186
ID015,C,3084.347766521902,391.13316165180277,-2687.7168406449914
ID016,B,2107.0269441517657,410.89253022188,4217.122361345174
ID017,A,1659.3922421752568,417.45432447494755,2875.403868329653
ID018,A,2621.2417995564088,403.7142352282,5839.656112618286
ID019,A,1919.0978221080186,405.6906873229497,3710.928641587218
ID020,B,2300.2531318511883,395.6704919083583,4630.498577235132
ID021,A,2111.128338488051,404.03319432699607,4286.897503954982
ID022,B,2656.661319008939,396.9322340500421,5324.7967237135945
ID023,B,2266.029416217318,435.3744962385689,4542.679560142972
ID024,A,1861.8281796776132,399.195772213964,3586.386498604982
ID025,B,2179.2256332128604,404.53204122601545,4367.855889301556
ID026,C,2611.1701978522515,411.70312392434187,-2194.211798248221
ID027,C,2215.5937021483887,393.10412391425757,-1822.273404775335
ID028,B,2863.72912183889,398.9917104645108,5729.8130067286165
ID029,A,2869.28280902083,400.3567223441174,6622.410714803006
ID030,A,2261.717339342234,385.1715789369282,4877.255349738814
ID031,C,3285.666680273108,405.3169208863156,-2864.3591455830515
ID032,B,2180.132036060507,382.71579211557776,4366.519608677615
ID033,C,2371.560577929125,409.19288301535084,-1956.7825467781952
ID034,B,2026.7646586391913,404.5851010105345,4065.310111549065
ID035,C,2790.600779523438,409.22578065311114,-2362.6657159365755
ID036,B,2366.1950509666235,379.6058686288717,4728.756375755671
ID037,B,2468.038347132674,412.80989043400115,4938.535261581592
ID038,B,2595.9185314595047,420.1096737965894,5211.643339978453
ID039,A,2274.675196456456,385.55894278943293,4910.230069463354
ID040,A,2380.5424900350135,382.16247541938316,5257.475104801779
ID041,B,2466.0350250094157,432.66959274049,4918.527979778591
ID042,A,2659.535590664448,413.5995720972893,5907.167694159464
ID043,A,2568.78389634888,394.3786159777987,5746.240086808133
ID044,C,2649.4164375572823,404.73340864847995,-2234.832765487873
ID045,C,1972.639449080584,393.16575894726924,-1589.4675216408443
ID046,B,2384.1467213648234,406.2382179552857,4764.158882148136
ID047,C,2436.677973001974,385.0821798043509,-2051.107861451173
ID048,B,3295.2627129770385,383.42865780899496,6591.618202146351
ID049,C,2175.399161328477,371.40949002853523,-1799.5823323103302
ID050,C,2525.8507894609465,407.9713373683626,-2133.922623302658
ID051,B,2944.2236934252273,390.81697747112344,5901.164430447517
ID052,C,2952.912914659774,405.7260335403179,-2551.6136401215012
ID053,C,2557.196548070903,393.5156934008387,-2178.9788277891776
ID054,A,2804.383443487047,394.82385872706345,6452.898996776663
ID055,A,2744.854706952068,404.44807428661267,6219.310589706448
ID056,B,2069.59570751692,379.4539022678341,4133.987881008486
ID057,C,2871.9260247176676,390.1685179902837,-2483.464935238204
ID058,A,2190.4369348645023,409.06589207488975,4524.1070718769415
ID059,A,2495.696323672085,410.45489367887814,5411.724751709969
ID060,B,2574.6417822051076,390.26700948264136,5152.339558560614
ID061,B,2299.799036192804,395.80002514442606,4595.4290812927065
ID062,C,2485.300613519078,412.76267423304387,-2078.4590650744053
ID063,A,1810.915906534718,412.57499967820036,3367.6173480864077
ID064,A,2515.0372131073846,398.2693982374521,5543.106495973892
ID065,A,2448.6030462022486,398.21195541766156,5340.466525389137
ID066,B,2213.861711908129,403.11159431435993,4439.658633836617
ID067,B,2004.1689717887743,396.104783958337,4006.232998781761
ID068,A,2390.3260794721045,419.12155834748495,5076.524477125629
ID069,A,2626.1792579941566,405.88691368112165,5840.9278967029295
ID070,A,2089.9566362616024,382.5006690367011,4369.313742605929
ID071,A,2142.6490148372454,387.3130111133011,4468.879729131006
ID072,B,2880.418608721802,389.6563106881725,5747.402187936662
ID073,B,3063.9439146280793,388.5725061819849,6132.856951709533
ID074,B,2425.978979462969,418.88149341600695,4863.921165765935
ID075,B,2191.417002593508,419.45202717930067,4368.5374388531645
ID076,B,2477.0847431281354,414.8685336719613,4973.149092774516
ID077,A,2276.2799564049537,391.21730786490275,4870.5219549525145
ID078,B,2025.8826077522335,410.57310593614477,4050.180449542654
ID079,A,2203.9511020382597,388.5163304873421,4665.70157701415
ID080,C,2658.744630106697,394.96163216074666,-2262.480890852262
ID081,A,1613.2331627967458,403.30336452687374,2837.6087485745534
ID082,C,2552.355893123228,402.5742994857969,-2145.858026572421
ID083,A,2811.1072936428664,408.89843879521266,6405.353334649147
ID084,B,2419.8991206005253,389.55851259090844,4849.491234537812
ID085,B,2565.236839070458,387.01626628294963,5137.033951398648
ID086,A,2637.0451232796313,402.0597529104886,5896.1416935524485
ID087,A,3105.492140951051,386.72495250699995,7379.674361842559
ID088,B,2380.9141005488245,388.91341584635654,4779.695948283841
ID089,C,2523.3504635807362,385.1122380176783,-2137.465444568785
ID090,C,2315.2823072413753,393.8298762281093,-1907.451831486308
ID091,A,2059.4760846864183,415.73182551417113,4099.827676649296
ID092,A,2635.504053919362,386.0607165033835,5985.4001264548
ID093,B,3274.1777633883694,383.9334405827609,6550.146546644692
ID094,B,2826.0563869603466,405.4949376281841,5659.019876082556
ID095,B,2879.7255821659596,412.44781666889105,5734.458530477874
ID096,B,2496.520124609471,388.82037484206796,4994.635113788612
ID097,C,2451.5555344513637,418.1952928257076,-2031.6700486575908
ID098,B,2522.5095174460034,433.9176172091875,5015.408459185987
ID099,A,2487.68578021982,413.5862445436993,5414.249351085258
ID100,C,2906.974425352663,432.94718258836787,-2452.4569144243696
ID101,B,1952.3123590977666,392.81569337647693,3900.009634766477
ID102,A,2764.502611390224,397.883194163516,6271.037324611578
ID103,C,2592.4946055197124,395.66121584718866,-2206.2859517479415
ID104,B,2620.800394455607,377.316269635032,5219.7426466760335
ID105,A,2946.616606719198,409.8465212606316,6801.873707249417
ID106,A,2723.9121248837278,379.46225448952805,6276.915635632712
ID107,C,2529.955338447712,368.5200036399307,-2169.939113941317
ID108,C,2489.2142734271847,383.4018638548448,-2100.8302696370374
ID109,C,2562.9622600919565,415.1301060981144,-2150.867804392032
ID110,B,2729.0086581871437,392.6478453723212,5441.005726206434
ID111,A,2227.1768181673688,384.47134511079565,4752.733024932427
ID112,B,2532.39922623444,413.4149865313854,5064.637727268492
ID113,B,2197.6198899837177,424.14234662129434,4406.261360900589
ID114,B,2729.9870226555868,409.04281225872825,5452.021909921889
ID115,B,1998.33472235773,404.32608578831497,4000.0482218321495
ID116,C,2688.415642943029,411.07928285158874,-2294.781977357276
ID117,B,2544.1238442467297,389.87993613340905,5075.2056933925
ID118,A,2303.173777766379,407.78137515221675,4862.738959294571
ID119,C,2413.66539030121,403.85597521563903,-2001.6398273585748
ID120,C,2625.715787928392,379.96436322107894,-2256.5223423101297
ID121,B,1808.5262306647733,365.7049706184087,3598.61881155823
ID122,C,2161.043873425814,402.46921017954264,-1747.0134705967362
ID123,C,2594.5643307817436,390.15313808378636,-2190.1836986898734
ID124,B,2506.95354398537,391.306821336969,5013.958927810899
ID125,B,2816.232356620841,396.42847930031996,5624.753848408233
ID126,A,2518.223225484345,411.93816337100986,5490.974557359841
ID127,B,2728.9569915532916,396.34652650444104,5456.2820133318555
ID128,C,2319.250237481743,392.18118006454864,-1914.7590280244626
ID129,B,2666.83750731969,427.9622556829067,5354.251271411509
ID130,A,2343.5431558354276,389.47546609671826,5085.971134645999
ID131,A,2335.039042556301,371.4840925025738,5159.766179200851
ID132,A,2380.660116598979,389.07108174806336,5212.805365394991
ID133,B,2100.4564400150575,429.45387904196105,4200.871673844945
ID134,A,2642.3176319681593,420.18114886429123,5856.052629275219
ID135,B,2455.5916684290123,418.2911391690101,4904.9584769362245
ID136,C,2703.7255111377654,388.18706067598146,-2308.9604649884827
ID137,A,2465.7907138814558,402.1573069038047,5404.679014457384
ID138,A,1756.6539849041774,380.5111629233897,3349.9271666596774
ID139,A,2384.5121369530834,401.93527846453253,5131.352278970665
ID140,B,2556.0561661426123,413.07599129512437,5113.3649388933745
ID141,C,1931.090476592755,377.92976737939176,-1546.3093776218864
ID142,C,2652.0271881202284,381.52094704182934,-2268.451014096367
ID143,C,2859.176707156117,371.3989026833265,-2476.7042696855765
ID144,A,2427.0565598524895,389.27538650694873,5342.056382123078
ID145,C,2893.8107344287782,401.2490668421782,-2499.8584512617213
ID146,A,2803.8584949622027,403.75360165371575,6391.804643946847
ID147,A,2591.5614634393983,428.06474757256103,5642.03571152301
ID148,B,2688.8500825648503,404.96498622002383,5391.748606465792
ID149,B,3067.007704626502,432.26800661954,6145.132734990005
ID150,B,2790.205027216234,419.332266041972,5574.687110808075
ID151,C,2643.114540480289,405.53547941602505,-2212.843022023227
ID152,B,2069.008103401908,400.2777390067477,4128.056346882654
ID153,B,2171.452762300643,397.86360475283027,4355.340150496567
ID154,C,2642.018222813976,374.80037923661104,-2271.495620748853
ID155,A,2525.9413885165905,393.41499005679776,5612.51712702977
ID156,C,2205.999762862737,393.66173923945274,-1807.057367302799
ID157,C,2408.4629718056867,397.2616455872996,-2003.3519189491972
ID158,C,2080.771011492923,390.76107562271824,-1676.7956170888858
ID159,B,2318.2983264461573,382.9412268773649,4645.61585488393
ID160,A,1917.0765548643628,388.04218873562127,3821.6603123588206
ID161,B,2523.882728031153,393.6597092952746,5051.218176217521
ID162,B,2727.726128618282,366.5506607850901,5466.993725007832
ID163,A,2275.5305165855207,363.3468347169781,4994.314621041971
ID164,A,3131.4172092636722,409.3576836536618,7346.337602516076
ID165,C,2149.4420943375603,388.30768583873277,-1749.1467628336914
ID166,C,2152.348181394275,409.68364694234333,-1749.39962122607
ID167,C,2854.6531032529147,385.34351508163337,-2483.523975217013
ID168,B,2169.1623625188704,398.43415932916474,4352.289102830533
ID169,B,1891.2590599615887,371.1148937553597,3789.9355586005286
ID170,C,2375.5949539948206,408.2548969961383,-1976.3157711897863
ID171,A,2292.5072190108963,403.5505582460195,4832.249308532666
ID172,A,2531.3974213893766,399.84861890169424,5602.116301824988
ID173,C,2607.6459944960925,402.396842143999,-2194.188176388726
ID174,B,3417.7473904260396,412.2235701389805,6830.743122442514
ID175,C,2903.674445730172,403.2874250790103,-2500.4230796004754
ID176,A,2287.0048712521775,395.0952138980855,4895.461554118863
ID177,C,1973.4736248700378,410.83443578049173,-1550.8666875764611
ID178,C,2284.2337991267104,387.9752163514345,-1892.1058532905574
ID179,B,2344.6887266937815,421.28387814564417,4701.697566978919
ID180,A,2371.3968633928685,411.704202605268,5037.917505475674
ID181,B,1979.8966516537148,385.08346588211435,3958.7107361158523
ID182,A,2544.1618438833384,402.7673250185347,5596.846091492673
ID183,B,2421.90388199676,399.8270348941675,4858.960502031162
ID184,C,2231.362067007454,417.8854062861517,-1798.1973299041806
ID185,A,2328.621654025862,403.4801686909272,4952.601287629977
ID186,B,2764.587058019304,390.94605988218063,5512.860615219045
ID187,A,2683.6384356195244,412.47798616475546,5980.596404045074
ID188,B,2474.8204107774036,403.3524021158923,4947.633271679605
ID189,B,2195.8065446865257,392.9999424265759,4387.762755911972
ID190,B,2445.796711602635,425.7806278547082,4883.612068923029
ID191,C,2355.9399143436053,417.37296792947416,-1932.2952258493149
ID192,C,3109.15228723118,401.63989324869925,-2698.4314511770244
ID193,A,2365.016065041597,406.1539715592701,5067.21541852992
ID194,B,2514.151106448592,417.526926208864,5037.001737058023
ID195,A,2270.833581742828,394.7280341374253,4832.9006404571255
ID196,B,2832.5253272724412,403.8458522556009,5652.9068192476325
ID197,B,2269.6586833937417,394.99619850120695,4553.240534422017
ID198,C,2809.6421391906374,381.58188007710476,-2438.010551863524
ID199,B,2589.8064777764716,397.02527033222526,5194.216551824304
ID200,C,2420.6434695952566,411.56473933226255,-2018.9715260457906
ID201,A,2455.0181612631714,381.8037601451052,5445.868780100335
ID202,A,2879.126937908016,389.0796095781205,6684.353886593541
ID203,C,2204.0707895455052,402.0227962054794,-1810.1346057030612
ID204,A,2801.126441641834,394.7104960613995,6451.485124251829
ID205,B,2536.688979946524,409.54321674468395,5070.718295896322
ID206,B,2331.5987810993975,416.300627940524,4658.243124321101
ID207,C,2513.241787505666,419.0020710551825,-2094.11585608381
ID208,B,2608.6724154141593,421.8073963919784,5205.514557311622
ID209,B,2042.6311610717203,413.15372098348087,4081.3892724399666
ID210,A,2732.3678962264485,384.4222055831858,6266.314778519041
ID211,C,2476.637830080884,396.7270337953675,-2085.3869520244666
ID212,B,2374.2637807488377,411.29950848458054,4736.0943400447595
ID213,B,2895.076920052942,401.3011999253319,5785.880531907144
ID214,B,2441.736988468551,387.9712766226739,4883.279733543399
ID215,C,2795.048558432943,404.0809942315924,-2392.767507054602
ID216,A,2315.9819017210784,400.5094202039797,4935.7969816828945
ID217,A,2875.985736431574,405.80094911117163,6592.5195637503
ID218,C,2745.7440352168815,396.974983237218,-2330.5258289407566
ID219,B,3268.0389359961114,400.8025383178474,6526.89850449615
ID220,B,2950.4053342981133,378.097142089831,5892.2965773972
ID221,A,3097.2706734583717,400.54750396190946,7283.672870696357
ID222,B,2664.6334330475543,414.8313102168991,5324.706087640645
ID223,C,2524.149302672616,384.3461572994619,-2157.0400406404246
ID224,B,3150.026434045552,376.3925658150652,6313.7065830132415
ID225,C,2413.5740838600605,397.43182525969706,-2027.0955003951472
ID226,C,2571.349767134808,402.51186474076866,-2170.9381004526035
ID227,B,2574.142834883306,398.3922652058264,5173.299897208666
ID228,C,2358.4791707277777,405.94245423448797,-1955.2213211681365
ID229,C,2422.7940924896366,398.33593365143446,-2032.0175610253455
ID230,A,3091.450830860198,409.562229341818,7235.102675418147
ID231,B,2538.5610298641122,378.94804443458855,5090.226917454952
ID232,A,2288.049791022463,397.82400527769397,4872.752394347193
ID233,A,2562.996512541735,387.8415346533755,5742.23740152705
ID234,C,2710.6145842326537,378.27347919418526,-2353.435229594422
ID235,C,2753.3635361967085,379.78378813827436,-2368.24612429631
ID236,B,2787.3048594643296,386.87346150023507,5576.407556754779
ID237,A,2398.101617801156,414.8815761058434,5112.682557716596
ID238,C,2352.1207441914635,411.73442948022,-1963.364610334242
ID239,A,2188.862168268932,396.05452060181955,4593.418304152032
ID240,B,2513.0055705458476,378.43016677870673,5039.706602679204
ID241,B,2504.1418537533705,413.48920184096954,5000.140379899147
ID242,C,2293.175403666211,393.3575859440495,-1907.066010109151
ID243,B,2240.502187924005,414.0562855614113,4464.986515481991
ID244,A,2297.8130329402366,404.22462726035474,4861.461623632511
ID245,A,2693.780718385433,432.32631257170885,5915.427730870983
ID246,C,2340.0780785938537,431.8576553134915,-1925.1133869119506
ID247,C,2377.0463423420865,395.85437115831286,-1981.3803482804756
ID248,A,2161.1751315625916,433.51917610694284,4322.440764611093
ID249,B,2981.0006768884527,410.0902359271278,5944.229607741225
ID250,A,2446.945009049146,401.3233541169161,5327.667749280331
ID251,B,3058.561205868925,410.20119959091755,6114.301779843993
ID252,C,2104.5862887086287,403.6038369910744,-1714.4130876498748
ID253,A,2906.9378566989253,412.6015021744692,6655.473889370378
ID254,C,2468.8605214397203,394.71158325075,-2083.3510799067994
ID255,C,2918.103252517154,416.38785798136786,-2513.6723177428444
ID256,A,2082.4922441392687,404.8336076698179,4240.34559788071
ID257,B,3019.7234516629696,411.9461657858525,6058.663639569387
ID258,A,2781.566894680995,378.9325976909689,6446.251459342175
ID259,B,2843.2366790208816,416.8608355623018,5674.352974084808
ID260,A,2285.237508796415,422.9641966056709,4735.0878342137075
ID261,B,2509.0305331907703,408.96685550977463,5017.699835094799
ID262,B,2311.6350590782076,394.47301441483495,4608.436908377389
ID263,C,2258.9987675408966,377.5111014088077,-1864.4754168681252
ID264,A,3007.1646627841083,418.80904727761714,6937.449523171183
ID265,B,2943.145531033996,404.4242334185785,5884.776498736281
ID266,C,2471.933351379681,410.4872954052184,-2057.1106043033033
ID267,B,2027.9602421051861,392.91752647802844,4069.1068370437665
ID268,A,1977.6865852124279,398.891953481617,3916.331982115304
ID269,A,2978.9063346940725,412.757770557196,6867.579869646028
ID270,A,2420.125078370098,422.00399558430365,5161.273905913406
ID271,B,2864.1135595332207,393.23907399701335,5721.725075622201
ID272,C,2689.188574800801,413.95036159512375,-2258.417924162442
ID273,A,2676.009799199702,394.1316712407841,6061.161433851062
ID274,C,2200.4232282507282,385.8940062717986,-1799.4147714777716
ID275,B,2413.106637849008,389.5993658802286,4822.94997053855
ID276,B,2311.7165226018637,390.33601876331556,4614.115879763286
ID277,A,2390.2040717254267,392.3305953832785,5177.539438558472
ID278,B,2758.6630790585186,437.2460560025381,5490.591760365282
ID279,A,2322.349203598048,402.242811734139,4956.266849424511
ID280,B,2499.1408281342356,423.91896750117274,5002.925961828183
ID281,C,2587.9804946647664,387.045745657936,-2205.0998643300045
ID282,A,2422.228302931422,397.2186108701176,5288.6081956999515
ID283,A,2570.4130544713253,390.150959935877,5775.418990952908
ID284,A,1858.3059826818926,412.6069191720541,3488.744037244371
ID285,B,2963.3483510764113,386.32842177394184,5942.880881408645
ID286,C,2616.121314408322,388.8152048284999,-2235.83944486202
ID287,A,1875.3660262137018,408.13842355503783,3584.6912523763094
ID288,A,2675.486714190164,363.87838786903745,6224.493638451871
ID289,B,2137.548677265095,380.498581678484,4282.614081308113
ID290,A,1917.1311624136642,419.2489406124567,3652.736779724126
ID291,C,2691.4961531011477,391.5766022671273,-2302.6869115209765
ID292,B,2338.6066146906956,402.86041134229623,4692.056924122994
ID293,A,2587.811850758093,397.9941239645974,5775.997918457732
ID294,A,3195.673376705646,407.83630560008027,7521.643538571928
ID295,C,2356.402387105121,395.27748723547836,-1966.797183267782
ID296,C,2471.6305172250113,392.6810518330925,-2083.27568914855
ID297,A,2634.805443576104,413.6302707261055,5837.832550340057
ID298,C,2521.008611152377,429.61944039511854,-2084.011716916966
ID299,B,2608.5558362458355,412.9540945239381,5205.866174302959
ID300,A,2486.293698791294,397.2068336416467,5455.406699539697
ID301,C,2533.315271589494,411.68349656470645,-2134.4318468253464
ID302,B,2575.0072105455215,425.14578685796823,5170.225859923743
ID303,C,2393.0607084047706,363.53485208354203,-2040.3823082563315
ID304,B,2028.219931467255,393.89378276877653,4046.68709791322
ID305,A,2074.1966405778903,391.8623994542785,4255.55440073572
ID306,C,2303.9590101356316,383.7142177805126,-1899.5811891527137
ID307,C,3102.507069476115,414.758593644871,-2678.69575028641
ID308,C,2642.724879704641,431.0895420496979,-2210.1737852976235
ID309,A,2893.4467893374317,424.6469476168884,6557.733375598991
ID310,B,2863.0632953922795,385.94638560252565,5745.665956729676
ID311,A,2539.1322605665973,397.9476738097943,5629.3531890275635
ID312,C,2536.599012193763,390.9572509721279,-2151.1543072553873
ID313,C,1992.1314498269803,403.0639707709824,-1591.3808550197145
ID314,B,2488.690342070866,399.56934963314825,4965.65381126713
ID315,C,2116.6114395483987,372.7355774124684,-1760.470082258095
ID316,C,2104.4862271141915,378.81921427841235,-1726.4473748851858
ID317,A,2457.901474549831,423.6214508700701,5255.324554912048
ID318,A,2353.432571530679,393.81842718355045,5102.902830860141
ID319,A,2238.3066258929825,400.3287257223144,4726.880095954782
ID320,A,2907.624445829378,398.62460501010565,6719.815930919731
ID321,A,2908.6734972966456,399.3764489586622,6693.673280457963
ID322,B,2514.8710415385453,386.58007206135665,5026.8999733034625
ID323,C,2645.3464823428963,388.6962607683081,-2246.059908043379
ID324,A,2307.3658508493436,413.10603239050613,4860.806388594418
ID325,A,2040.289320297444,386.01226695324044,4177.177008436693
ID326,A,2881.979851825225,396.36528980875886,6656.843515795524
ID327,B,2587.067689491586,393.92959841617056,5186.379451781041
ID328,B,2590.388960171826,408.1854594784012,5165.353088580138
ID329,C,2803.2239214437077,419.3865595492727,-2385.7023806063635
ID330,B,2762.9988817408966,386.7066540818502,5530.328526717869
ID331,A,2544.337893169712,405.3262571542368,5612.544876613156
ID332,A,2494.700566980173,390.2904264296447,5538.730539633048
ID333,B,2642.4705959087833,413.35631945656786,5304.254663675757
ID334,C,2208.817706464044,404.8798875944868,-1807.2207134114444
ID335,C,3136.3821170211013,427.67881328949034,-2704.9655548251294
ID336,A,2709.0982780110044,395.9392567749553,6151.283646942502
ID337,A,2412.245776328396,407.19556321837854,5197.20779900101
ID338,C,2291.098092703636,402.8510974307365,-1881.8878984839243
ID339,A,2640.6974215428218,394.36432111187196,5962.781064645305
ID340,C,3272.4572541366833,410.57853235015517,-2867.4807044743757
ID341,C,3192.8232665867795,404.4245715747403,-2779.4190926790484
ID342,B,2391.3573797090553,397.6618925091524,4790.194763925665
ID343,C,2222.3413414731403,405.3820544164218,-1796.2154236809347
ID344,C,2271.5651612036045,393.8170082349626,-1859.7389060875487
ID345,A,2570.64256289631,384.3205478262013,5784.724211705169
ID346,B,2279.5370585578016,389.0185085961217,4563.878588059139
ID347,C,2448.296686248303,409.132096495669,-2023.8957804411407
ID348,B,2613.401836591156,393.4870204355952,5225.970319285171
ID349,A,2217.730600855878,391.5372673038184,4682.883948039256
ID350,B,2699.203868533787,385.5186719067612,5397.821317062533
ID351,B,2332.0344479256214,410.728539411964,4662.878429890237
ID352,C,2625.464263798208,387.61881793614106,-2243.4256556381883
ID353,B,3109.871585756639,426.3489806636692,6215.28310402013
ID354,C,2436.0665743944965,421.70189762961195,-2031.077773416682
ID355,C,2803.0452649938156,398.3143991082013,-2393.739352140601
ID356,C,1773.9393144196738,368.18920342424457,-1410.3599598950725
ID357,A,2175.4187940103257,375.44684218631636,4633.30332718984
ID358,B,2750.4392775940196,401.17086108866573,5521.396384480117
ID359,B,2251.8814659771133,425.05050987905975,4514.284175876898
ID360,B,2290.4997547749927,405.60224492132465,4598.3617066907855
ID361,B,2595.4653903074536,395.9955143135307,5195.19632482527
ID362,A,2325.912095057597,407.41603519125664,4961.9921623616665
ID363,A,2321.625108593208,391.8880135843699,5017.851258543984
ID364,C,2434.9773668066377,376.5071448149725,-2045.9413751288116
ID365,A,2531.8541999631434,395.3112278206073,5608.2051852566765
ID366,A,2585.737133521264,386.1129851754803,5832.462454824448
ID367,B,2648.1772832374677,411.88128835701,5296.271302271382
ID368,A,2476.1970557132227,389.0950874209747,5482.390428019496
ID369,B,2641.3370209951654,414.7764513123999,5274.363886941518
ID370,B,1987.7754204675286,394.0668566241132,3980.530590774496
ID371,B,2617.90724420852,392.7876525973056,5228.972677760117
ID372,C,1806.4490665945768,385.482320381278,-1418.1981435154744
ID373,C,2375.357217972756,400.4484865957558,-1967.101612914745
ID374,A,2371.821647945725,393.96798209094595,5142.305104342398
ID375,A,2356.815157520195,398.777204350492,5081.582724899572
ID376,A,2548.223300779413,398.5249483033848,5678.780500588843
ID377,B,2575.4482706894114,401.54351260278577,5145.739422727162
ID378,B,2611.5266020667214,423.4298686329742,5242.524571298757
ID379,B,2806.3641567330083,414.7802145299923,5605.298128180436
ID380,C,2652.567393595429,396.42296547977435,-2255.405842090678
ID381,A,2042.5516627829224,402.7283346549481,4111.362096536943
ID382,A,2606.4736076261242,397.895084168351,5833.983786871645
ID383,B,2392.8011966933445,385.4173722294899,4772.733903233479
ID384,B,2525.516944407925,404.7229960597117,5031.498166724021
ID385,B,2533.772494319233,403.76870909509984,5057.913611626839
ID386,C,1845.7235259795054,398.64231188381547,-1450.7082338300966
ID387,A,2092.6949849697194,406.99632462378673,4256.881713002469
ID388,B,2401.641080623004,405.0872535138366,4802.4250715031
ID389,A,3295.698017268533,392.89116212533366,7930.835466900122
ID390,A,2782.8461805916604,406.29762057230795,6328.31977708571
ID391,B,2595.293479056015,375.97847206914014,5198.852938177482
ID392,A,1883.3305735837635,402.94222643539655,3625.1037471309814
ID393,C,2289.119018239916,397.44923553671623,-1893.306083753017
ID394,C,2500.7534917221565,391.2793311828544,-2111.595342471138
ID395,B,2119.6819283982786,393.74527168072444,4240.976290513935
ID396,B,2815.628746252797,398.63832239119694,5629.753646721309
ID397,B,2128.0908736215983,407.5872711244015,4268.7575112900595
ID398,A,2513.57860813828,422.97179403184384,5435.526664995842
ID399,C,2879.4339904652497,398.14669918411863,-2494.4784818226453
ID400,A,2532.7248018554196,380.653459184299,5691.290706698626
ID401,C,2151.4024357458684,394.9396359292584,-1762.255661183378
ID402,A,2599.118346529685,374.89022714632296,5923.406936903985
ID403,C,2463.177692953924,415.2302479411659,-2043.3087002461248
ID404,B,2439.140467672567,408.6667257244284,4892.743422316926
ID405,C,2748.2730277748446,391.90463862027883,-2379.454802022191
ID406,A,2330.7976310762006,401.06258675147177,4972.696935601268
ID407,A,2341.802822640636,408.23623339501296,4976.734636782004
ID408,C,2441.0457928909645,413.8709869222051,-2018.2934498953457
ID409,B,2264.8571857504135,411.5856995362228,4542.132868060497
ID410,A,2470.4846071039983,411.5977879202055,5355.707814216932
ID411,A,2483.188109051137,407.4084798987561,5412.67139844947
ID412,C,2778.199993260533,404.0638174222975,-2387.848890011071
ID413,B,2436.9952822525756,397.3882130498217,4875.925873134246
ID414,B,2889.5525847686013,396.1112606184356,5795.888450745467
ID415,C,2678.872005963971,394.05503156333424,-2305.2881973590083
ID416,B,3098.3048049396652,401.645773522026,6190.582091232973
ID417,C,3009.7644436708088,402.02316627957146,-2602.053062503907
ID418,A,2204.3587156052236,393.58503176242976,4659.455969487653
ID419,C,2677.481188358791,399.5824871222261,-2290.269569550896
ID420,B,2659.428684579828,363.96553339682026,5295.215816018287
ID421,A,2336.224432184188,388.0157388474838,5042.608873786956
ID422,B,2150.0790399085763,385.0764346177331,4301.550406021901
ID423,B,2010.7945493223187,389.417471638798,4015.7920143454653
ID424,B,2433.054881773211,417.8374011840275,4877.5165724355775
ID425,C,2590.282372905222,369.6180924394045,-2226.564341701432
ID426,B,2380.7022780925295,400.1302524384941,4748.55351749675
ID427,C,2531.7450725123163,397.690908556669,-2114.6427163177436
ID428,B,2428.816932056818,388.9683927106785,4882.866339142541
ID429,B,2824.7054617547915,364.7959543321897,5649.577527269903
ID430,A,1894.6548776816967,400.26310726115736,3690.8353353859916
ID431,B,2291.932413883914,411.3171705309016,4591.1937598744535
ID432,A,2267.014353368889,423.731705256614,4690.020777415126
ID433,A,1904.621925831321,400.5405826274265,3734.920672779999
ID434,B,2189.319946549595,395.39559570413587,4396.386340973894
ID435,A,2811.8567045315776,390.5232289430767,6469.785077558489
ID436,C,2265.054224977981,385.2717351059609,-1875.9486979432363
ID437,C,2150.1840734020816,385.30790955271715,-1748.8523182737108
ID438,A,2564.386165997458,406.84285474720764,5655.468671986162
ID439,A,2418.9587533468107,392.3994458545949,5297.291477149621
ID440,C,3187.0182820743303,406.7186970859163,-2766.9546755340743
ID441,C,2235.57866140848,407.3867611429477,-1820.8774700843458
ID442,C,2827.2790970139404,379.08548311982133,-2442.242836419127
ID443,C,2173.459002947916,393.6835531567594,-1784.6994876788472
ID444,B,2604.463024233397,369.20772769573796,5208.36709672054
ID445,C,2615.2481573813457,392.0938115155721,-2218.895889734985
ID446,C,2367.117330440812,412.83607225535377,-1960.5404722234427
ID447,A,2396.7548403738806,406.90259852663075,5172.929944062946
ID448,A,2346.289845980108,416.7741459490253,4961.741669530741
ID449,B,2547.1100163693454,404.96314652497745,5092.655672903544
ID450,C,2480.9313825901145,399.1981519501571,-2069.8860717762345
ID451,B,2741.268435334209,393.4783714577543,5493.258573865104
ID452,C,3226.236086458859,391.51811501364887,-2813.6823952876457
ID453,A,1955.0817366119797,398.55739322048873,3881.112847727204
ID454,A,1929.603938963482,420.15771164932295,3680.9766497582373
ID455,A,2445.761169503103,397.76774181169253,5355.880756677071
ID456,B,2409.8232679540156,407.1884378314994,4805.5013619589035
ID457,C,2546.1070350612604,410.4389413459965,-2125.811064834997
ID458,A,2356.53442424475,430.20652411653555,4909.354715153023
ID459,A,2275.192396573326,424.30144209685477,4702.3198760126115
ID460,C,2527.1259111365516,407.6713512355112,-2129.314775558459
ID461,C,2309.9638390441464,389.32452856209,-1927.3053613459685
ID462,B,2594.3971915754705,410.80517693598034,5188.197653937237
ID463,A,2675.330510730534,400.1554616327626,6043.114022336364
ID464,A,2214.49668490566,412.4126414010331,4593.831923622382
ID465,A,2558.069359921765,424.46078404020915,5538.22619167809
ID466,B,2383.5862281821483,422.12858453697686,4766.448129815058
ID467,B,3052.185132137218,389.0331651077924,6087.761818486249
ID468,C,2672.2720259567022,383.6610786238599,-2263.5775975248553
ID469,B,2112.1178231139274,418.9866355384583,4236.026650509055
ID470,B,2364.5485565291465,388.4846981403608,4721.345320984516
ID471,A,2611.8158762046974,419.284079791389,5732.521090900436
ID472,C,1907.2785521857645,402.87104591604566,-1513.148829771944
ID473,B,2645.595130323353,398.49132801819906,5290.368382731806
ID474,B,2221.7868081629576,388.00374007797194,4444.667887605014
ID475,C,2536.0060733702926,390.47493405809337,-2162.6119715861328
ID476,B,2821.140869611394,396.05875109417576,5629.434738473308
ID477,B,2131.368382987032,393.12175518478773,4246.209456085742
ID478,A,2138.3220504009555,401.241271199271,4408.884718484547
ID479,A,2656.6726109262227,395.87259580724765,6007.746288517002
ID480,B,2163.4389069286667,390.0647289565445,4320.99334971154
ID481,A,2879.9311909486714,389.08372491637544,6679.892882740229
ID482,A,2344.4056186203857,382.7433778034758,5148.823646871526
ID483,C,1855.6451538535603,421.9862292266231,-1432.205234725927
ID484,B,2675.9468755173566,394.81260178009063,5347.181161482221
ID485,B,2181.418870617704,397.75635449332844,4360.928509820627
ID486,A,2532.9567709853854,418.68070674151505,5527.085932350236
ID487,C,3053.300814745209,396.6583640759491,-2654.098251407205
ID488,B,2632.2665746323673,394.6297802363044,5270.004230767902
ID489,A,2145.883518161699,410.85017487133,4375.681476389668
ID490,B,2563.019374695776,383.419142441155,5121.885230128534
ID491,C,2684.413167070753,410.4199200780445,-2259.8271257313395
ID492,B,2682.173640127443,380.37321042778194,5370.224986370661
ID493,A,2350.6659870621447,401.4409246737951,5047.722209333563
ID494,B,2757.914421783401,417.01232225551604,5518.284496448431
ID495,A,2597.5360784842605,426.5291545855647,5664.049822753507
ID496,B,2610.8997095544637,423.6038237798996,5231.294899415326
ID497,C,2753.5797615260108,423.5995877564756,-2327.347715764655
ID498,A,2405.9638432717556,414.93832736748664,5136.345098948505
ID499,A,2325.230458387321,397.1900970960215,5002.145486964109
ID500,B,2709.201379994046,361.81976688032336,5413.140877610397
ID501,C,1934.200783370628,407.7651983447552,-1502.274059443135
ID502,C,2917.3427878164084,381.35130126168764,-2544.9120775162137
ID503,B,2561.361828513442,392.7111825214759,5113.767269554453
ID504,B,2473.331242586766,415.94752357643415,4934.656924545767
ID505,A,2395.4933146526305,412.12707478338126,5129.527989033668
ID506,C,2813.63619525442,408.8213976126877,-2406.3243811871466
ID507,A,2331.9959900401286,417.69455127363915,4902.920938468037
ID508,C,2373.295499776364,408.23591993687893,-1939.7663946469813
ID509,C,2056.8692010476225,404.2736023535517,-1646.4411232507878
ID510,B,2426.669165851905,374.6473508671391,4854.080689825877
ID511,B,2955.3188478717893,422.75184663377905,5937.038351632241
ID512,B,2825.3548858808035,418.7134590726504,5653.762990565376
ID513,B,2416.3349235069727,418.22449767475894,4817.5125874497935
ID514,A,2102.948883285926,391.86829988800883,4364.821310284754
ID515,A,2515.8299165712374,383.77054423655363,5634.0723330865085
ID516,C,2307.3284359382646,375.2147698291372,-1923.0329265043795
ID517,B,2749.629182659796,377.2256353458125,5491.422163921602
ID518,A,2620.9436601421025,412.10751522970975,5761.108867046962
ID519,C,2946.050452448647,386.2663270457442,-2580.639442167033
ID520,B,2479.6568655067667,410.60576201475055,4953.995114010709
ID521,A,2474.130903551881,392.9073081248665,5462.506453496806
ID522,C,2069.8532130543067,411.229757702862,-1629.4770563866182
ID523,B,2345.9499827069953,399.9250453249282,4694.603250182245
ID524,B,2647.6347696353296,409.0352531056287,5301.600322688971
ID525,B,2389.6961510035576,394.8355037495891,4776.448707123988
ID526,B,2206.43769385862,396.81783304583007,4401.87201453275
ID527,A,1642.3248748435244,407.01176742894427,2877.971516900479
ID528,B,2560.9811102079616,410.5125518370775,5122.900082222706
ID529,B,2495.3982348536642,381.00170939722625,4988.75534595423
ID530,C,2989.605167210579,401.95460834364764,-2596.672666477832
ID531,A,2648.2078566702075,385.21024186244006,6014.491772161299
ID532,B,1945.2957948305236,409.7368229943612,3885.9186403712924
ID533,B,2884.6347208595366,403.8022349443429,5770.85018116859
ID534,B,2411.0791337919536,371.8767609987931,4803.652352061573
ID535,C,2866.217164359332,382.6140888438439,-2488.192938800678
ID536,C,2756.65041268621,416.7784658331354,-2329.621146938783
ID537,C,2556.1392713230866,381.56689414068046,-2163.5933772495187
ID538,B,2783.386090300322,421.2572542663337,5549.2131980286895
ID539,C,3012.2674962525034,377.68097308296973,-2628.6324206151016
ID540,B,2610.6413633265915,404.47907984096855,5222.642516738632
ID541,B,1957.2823436427757,432.0679870649403,3919.2626897187247
ID542,B,2314.375081454098,393.2159425033579,4620.908641267893
ID543,C,2627.1775319495,402.4085346757801,-2236.659642497722
ID544,A,2694.9976258717293,394.9330179435434,6095.963984071682
ID545,B,2321.3812517372758,408.75495190356185,4641.635113498123
ID546,C,2398.585511353172,396.5900669453048,-2000.7618268753895
ID547,C,2722.773030488407,394.00057507385134,-2313.2553700886365
ID548,C,3021.451820267165,414.286105276138,-2595.629338849632
ID549,A,1786.4958943770193,419.3133003052831,3253.1014734970113
ID550,A,2577.615876986615,391.36657260331776,5788.109742105132
ID551,A,2473.269870624761,420.32368367663105,5316.629459791101
ID552,A,2270.2016939063274,440.17936994896627,4622.497183389836
ID553,B,2362.3083154569754,392.6785436026604,4720.475553904523
ID554,A,2226.6777141496254,367.6935314044352,4833.895084180926
ID555,A,2323.576430319288,373.168539531192,5098.1908483587895
ID556,B,2293.2304413691554,393.5019656573351,4599.012150164556
ID557,A,2199.8282626021105,417.2298967796307,4505.903188701057
ID558,A,2681.1660112139434,394.9124309029588,6086.220788386872
ID559,C,2047.9905505020188,389.222395641271,-1642.1843345687137
ID560,A,1774.371335981889,420.62868410077186,3229.8269403013896
ID561,C,2560.8816744417495,426.21003578660856,-2124.4697841025195
ID562,B,2740.0431495162197,377.4167224874432,5484.224675868059
ID563,B,2903.028461451588,418.03360882221784,5814.81425313948
ID564,B,2439.044969962072,411.1181826369549,4868.847822668378
ID565,B,2319.293305346588,389.89672617091276,4620.2815123571845
ID566,C,2063.403234987728,407.5238657732147,-1665.669375506586
ID567,A,2644.29621141766,367.2634645859568,6105.758138632874
ID568,B,2454.160742087289,405.55079715674685,4929.542130990277
ID569,C,2818.313975333785,412.3339575861993,-2407.4389436748975
ID570,C,2285.965531040668,370.36617830759354,-1913.345200164761
ID571,B,2650.4704413559366,392.3171626331794,5313.216408668073
ID572,A,2087.0216776201273,409.878609154851,4218.537252716311
ID573,C,2433.782838266546,411.8865001209397,-2017.3818329966102
ID574,C,2473.0051845760136,372.88568111884115,-2094.697682519586
ID575,B,2409.629536115025,400.317906878429,4813.1093655079785
ID576,B,2399.6292226032374,390.99878238768764,4808.018705536255
ID577,A,2707.4426327794417,422.816159532253,6029.013503975966
ID578,A,2413.907051536892,412.0528585972026,5175.048862229554
ID579,A,2145.3483611750908,407.6211575056596,4392.708417139417
ID580,A,1908.3483579301555,406.21827875678065,3683.426606692229
ID581,C,2914.769912918957,381.6648232943518,-2550.5560206380346
ID582,C,3057.7208221661695,402.260097501552,-2658.483929362985
ID583,C,3131.8623426003005,402.25672408270293,-2724.169092758659
ID584,C,2477.4619318181262,400.26767921032996,-2074.378245590882
ID585,C,2460.2557205759945,422.5883365424197,-2055.8789692269693
ID586,B,2294.04270786044,392.2420366303314,4596.273419927234
ID587,A,3129.493538430944,387.31503705149066,7474.687477921187
ID588,B,2360.4436495234336,402.60252938992886,4712.039627493394
ID589,C,2666.3155242054113,407.3036656606188,-2244.542525154348
ID590,C,2977.035142358883,400.5434384492447,-2586.167332546528
ID591,B,2599.2608508597264,416.2495352441999,5199.42526960372
ID592,A,2342.0204855761217,388.59903164459007,5080.260715441039
ID593,C,2776.2072567635587,388.01826358041666,-2374.940564802305
ID594,B,2165.372941017308,401.4629666750557,4325.780965786592
ID595,C,2135.2827920662394,414.5834721277902,-1726.267197376183
ID596,C,2233.266666226942,383.65438396837993,-1860.681603215149
ID597,A,2471.8261862855866,398.6311617981983,5417.970324906351
ID598,A,2812.2830398019264,385.27637865217423,6515.504893493606
ID599,C,1901.1890453908334,375.95893095739535,-1522.0733256492022
ID600,A,2156.889164820678,428.18969021947885,4326.825218517844
ID601,B,2556.016024874294,394.93302345362156,5125.588598174507
ID602,C,2942.7262385542203,434.9359028030733,-2513.57676270942
ID603,C,2585.426638035599,403.4834555555774,-2172.93481767136
ID604,B,2953.150177945104,392.7855829691025,5914.134908046098
ID605,A,2808.2345559651576,384.23231851499327,6505.941822239342
ID606,A,2748.1387624326126,397.83179874639745,6249.9488515124
ID607,B,2420.4966448919213,389.41324222808737,4843.772892074881
ID608,B,2638.530165158638,394.1944632324388,5287.120274324143
ID609,B,2445.2121150275666,397.71141817573226,4917.217574865568
ID610,C,2254.3568879271843,381.76717752838175,-1862.3376768087655
ID611,B,2389.9118160202866,384.5822766329579,4777.818997912053
ID612,C,2789.77901264939,422.8402280942392,-2390.7908925313654
ID613,B,2889.729162910865,391.6351695662737,5790.261786680911
ID614,A,2246.4919885916797,382.81588684046346,4810.630713113903
ID615,A,2336.5231541714065,390.722084147491,5046.299180705869
ID616,C,2569.931949117953,373.8127383044916,-2174.9814650197823
ID617,B,2397.7557050033024,412.63799076339535,4824.620510773713
ID618,A,1879.3285496860358,372.2601541033808,3776.2707853270713
ID619,A,2633.905916090673,411.58092240142366,5846.047940878474
ID620,A,2700.5659584420428,389.68407693379896,6143.665833585217
ID621,B,2503.4197033462997,423.44350505073874,4986.14569498925
ID622,B,2384.459137822345,412.4440823991401,4742.072879974772
ID623,B,2346.0471705482423,419.360930341776,4692.638309537345
ID624,C,2393.6013573030864,416.06074071229506,-1970.9588146999504
ID625,C,2720.1695895425637,428.54551180758756,-2298.305230355784
ID626,C,3137.779763432636,406.16914525675367,-2715.075505464066
ID627,B,1985.6223336484186,417.58053235566604,3978.0038482898285
ID628,A,1816.5401260019926,378.9271121431245,3557.442818438104
ID629,B,2388.9279912236866,387.57893031912914,4781.76080163541
ID630,A,2595.600938785031,392.6142951767953,5796.184488151725
ID631,C,2339.0591288767423,428.6078022807563,-1912.457194945297
ID632,B,3256.619264539858,407.24437744983146,6515.384346180209
ID633,B,2882.632133834031,407.8282568934346,5762.693268211447
ID634,B,2279.8359773815237,401.50310168009287,4577.311489530639
ID635,C,2651.973161305181,392.79941400557055,-2248.6650111610716
ID636,C,2417.5512823052504,401.93514642362885,-2024.5050623250536
ID637,B,2569.9813989712193,415.084266542263,5142.092963312589
ID638,C,2622.927329353545,431.6602792785788,-2161.1095115611824
ID639,C,2950.356376661627,402.8827758376972,-2559.33814395146
ID640,B,2392.9801018533253,391.0593566029734,4775.7126557176425
ID641,C,2312.579019132415,415.59575986288667,-1892.894665249113
ID642,B,2357.856885584564,379.8841262403486,4727.764564801904
ID643,B,2735.2813760222484,406.9240743291279,5473.615193388242
ID644,B,2800.795740849506,387.67703458696366,5607.9703702028855
ID645,C,3079.5513205577945,404.5496112625702,-2663.109757925372
ID646,B,2683.92334892891,400.476331993027,5368.992983595412
ID647,B,2754.3920060313158,442.0710173161091,5511.37959520544
ID648,C,2530.5451451764875,402.3659698862508,-2115.5534333744854
ID649,B,2306.599359632851,393.18595037745877,4622.770310584628
ID650,C,2881.8882542733886,406.0285016061534,-2458.0919115085208
ID651,A,2734.193492692744,428.1531204879446,6065.332240031094
ID652,A,2193.888319547399,403.7473268606594,4547.834295775752
ID653,B,2314.938191070375,392.76592352426337,4647.354658924834
ID654,C,2567.861978154312,412.3984794995164,-2159.26390290407
ID655,C,2228.4965825609756,402.4550988717202,-1831.3361215496711
ID656,A,2630.130426026245,390.7294091408576,5921.267191046082
ID657,A,2393.5123342133484,386.90025732483826,5244.814778753227
ID658,B,2269.306599344495,379.364222919062,4550.661383655672
ID659,B,2171.4176641435774,396.23555231001,4332.335022245469
ID660,A,2626.5393920540837,395.5948583647605,5901.220607003404
ID661,A,2535.36603137575,398.49548107986374,5612.161957964371
ID662,C,2167.4172748905753,388.50419937883254,-1754.559310474689
ID663,A,2124.6591248867912,409.89516986217,4318.1531466818315
ID664,C,2794.381321203813,412.538831717657,-2407.5707371769054
ID665,A,2867.6548980021175,398.3404832869524,6596.094892347699
ID666,A,2309.6076442466237,407.02591801241033,4900.418198683932
ID667,B,2185.649617967236,397.28391394223644,4371.76314950151
ID668,C,2320.023325041927,395.835194178767,-1926.8960411752253
ID669,C,2045.9032660763394,399.80931841260644,-1621.9078214285003
ID670,C,2393.534578330293,397.1524745958789,-1999.2315438651578
ID671,A,2881.464485953576,393.4623851616614,6696.083321943544
ID672,C,2561.3284593069147,408.21372258148926,-2147.3462800002203
ID673,A,2196.562824349665,374.1419063662144,4725.042497876739
ID674,B,2108.925533698458,411.7878977424294,4246.770180339106
ID675,A,2546.0633073041495,391.18741425295366,5676.775328126719
ID676,C,2345.8260526881595,424.4239359802231,-1932.7837552727267
ID677,A,3033.425630935649,406.18454760608495,7056.6417832528
ID678,A,2489.1164254939777,413.17721226648115,5417.324474542241
ID679,B,2451.7736638272736,401.9350793971042,4899.7222135046995
ID680,C,2811.2052362422305,405.8949197060914,-2367.0344723618264
ID681,B,2687.836269372686,398.60072557510745,5363.088088048621
ID682,C,2621.8867022124928,389.61005572797336,-2229.197584924891
ID683,A,2587.0089634230594,407.47007863613067,5717.164542368154
ID684,A,2726.734559234265,381.818183040167,6289.333261236443
ID685,A,2393.9154935618335,412.97275742631956,5119.6084572066
ID686,A,2642.5431118399365,402.12999312694814,5929.299334861847
ID687,A,2634.1660707844217,415.74723303800386,5825.690342649096
ID688,C,2373.9547216451565,365.8386218335913,-2023.017876011114
ID689,B,2132.3128819779204,388.8409409131589,4273.836560032411
ID690,C,2539.533546803052,367.8662992679288,-2171.427020313039
ID691,B,3091.974436558219,391.1960211632874,6180.815104118785
ID692,C,2689.824858216855,382.27346152572,-2339.211957329955
ID693,B,3135.30151647527,408.5705202966117,6256.176923197405
ID694,A,2463.553812584006,394.7429772912726,5413.805451511497
ID695,C,2223.9883690884694,378.18587150786266,-1875.8522037821779
ID696,C,2206.596001320252,404.01870946754184,-1809.363160255839
ID697,B,2577.3249791977846,424.2729246862034,5156.653372741124
ID698,C,2421.556868938273,432.7602325347129,-1991.233408961281
ID699,B,2446.6612358413404,404.03233533409013,4903.332319949814
ID700,B,2742.414908840913,398.330330743663,5461.242262661332
ID701,B,2357.2130939660447,411.72281053524875,4724.00848238481
ID702,B,1964.3390387440554,427.5764746531211,3927.304519184964
ID703,A,3081.1845703189633,420.90972698513013,7143.5420436243585
ID704,A,2483.912370853599,392.65255545474196,5488.57053135474
ID705,A,1974.0894361845135,393.9516000521197,3948.036697950285
ID706,A,2738.5578091612624,415.7980840147673,6150.825731191239
ID707,C,2280.0850884147485,375.32249071553747,-1904.421965454167
ID708,C,2293.2901591099103,395.7257439464147,-1903.668453001049
ID709,A,2357.346190601231,414.135555144394,5013.694295433182
ID710,C,2459.0416095567743,409.4079053902565,-2054.9584045497218
ID711,C,2599.176876872619,367.42625324504394,-2220.7581003910586
ID712,C,2807.440112962152,406.81910015245643,-2412.939834672795
ID713,A,2929.619242114328,393.0060330616567,6802.768758422035
ID714,C,2438.3420929632825,401.32369465940127,-2042.1164775012576
ID715,A,2495.3220426491716,406.8405002604607,5467.851436452299
ID716,B,2271.5652984578937,417.3606121517151,4527.529617731038
ID717,B,2502.306124200858,419.7628333988476,4999.695101964967
ID718,B,2197.7584272411946,399.31839636076,4406.214969311017
ID719,C,2538.393931769717,396.2051060590842,-2133.8106674419923
ID720,C,2110.860054848785,389.41543391532906,-1705.1773620909178
ID721,B,2907.7527196653878,404.1427092284311,5819.527855604258
ID722,A,2557.151886608116,389.47740893245333,5714.153242704007
ID723,A,2561.0974023386143,391.2471574776714,5713.587964442288
ID724,B,2205.8670654442494,392.3129498308801,4431.760678113872
ID725,C,2474.003620034594,370.38284675844034,-2094.2646610136767
ID726,C,2728.858458787425,397.5145397522588,-2317.5230600949103
ID727,C,2027.3910270224878,384.59383725917974,-1656.3462439361806
ID728,B,2371.4000449002115,376.82304234446036,4756.6178088219785
ID729,A,2365.9757785071874,413.99939110642987,5027.892459980626
ID730,C,2652.490282569303,384.0766189716915,-2248.720960031167
ID731,B,2154.616031450708,416.781146417885,4311.166843485966
ID732,B,2588.8333759118577,409.5584142331919,5157.071231746941
ID733,B,2598.0022770161027,415.74070007769484,5197.447764338962
ID734,B,2344.240360980398,399.4965959434603,4687.391004269023
ID735,B,2505.70491587729,383.98885118537737,5004.995695432497
ID736,B,2503.3081382956016,400.3315141160314,5002.041441867548
ID737,C,2264.2227765348434,411.6670618871743,-1833.4858131002795
ID738,A,2246.414808835579,372.94697396122905,4872.0773071126905
ID739,C,2754.6877227540976,386.07764293078816,-2359.4023770018034
ID740,B,2510.58929705043,396.85070886381783,5028.87892355215
ID741,A,2682.031661984187,415.05784298476107,5978.603207036093
ID742,A,2224.846022366507,403.81500874855914,4692.091171099205
ID743,B,2734.736498071071,386.23350701350347,5471.216207798447
ID744,A,2625.0674036299024,399.60739081066106,5891.869663296533
ID745,A,2825.658584362198,397.92287309193796,6500.550988114447
ID746,C,2256.886700877043,388.2750639068471,-1866.6841654396449
ID747,C,2312.930366466583,386.24444368752734,-1934.295899736463
ID748,C,2186.3672805098972,387.6081721230482,-1808.2039933812996
ID749,A,2260.0998994194474,394.87337331078083,4824.492389456666
ID750,C,2362.231100935199,387.26446705685646,-1991.1621045993486
ID751,B,2639.8866057652917,398.1650815512337,5273.973773424849
ID752,C,2826.4809715971155,408.33984962233086,-2399.6493982392903
ID753,A,2048.820196077399,377.61873564090166,4255.912576600484
ID754,B,2670.7631874738004,412.0745055530875,5336.150357842125
ID755,B,2621.295509408274,415.784751282692,5261.898064456189
ID756,B,2527.2000179515103,394.09131461218374,5054.950860006787
ID757,A,2547.414627897386,396.6661194552626,5640.3472311591795
ID758,A,2200.7596583703735,395.03004271105624,4604.658985033547
ID759,A,3051.487293230414,408.58314144398355,7095.425802304169
ID760,A,2846.941740735868,386.4972668914336,6615.989033949273
ID761,B,2568.325376952676,428.9564636236484,5146.493967497821
ID762,B,2816.7754974061527,383.1707356351881,5641.667972964683
ID763,C,2412.9806306988253,413.18919318961235,-2013.0847837811027
ID764,C,3019.5421298525603,368.44625146947857,-2656.9638056341896
ID765,A,2236.087311176854,411.29591710426615,4634.248654488777
ID766,B,3018.704978544503,384.20797455298094,6044.358774203864
ID767,A,3131.363024741857,387.45025336967325,7455.977615296844
ID768,C,2363.275104707801,417.50725180435165,-1941.8021314203475
ID769,A,2409.2135017093633,388.738963499466,5278.728283981168
ID770,A,2358.43934017449,423.0820525053899,4950.444785940328
ID771,A,2859.0909902204126,398.08817137157405,6586.085745548582
ID772,B,2644.3163180791116,422.27504419355296,5294.645651984497
ID773,B,2745.987391977406,381.20077393246424,5497.606762371312
ID774,C,2224.192210905504,385.29187199283376,-1844.5972695229204
ID775,A,2699.6671450712033,405.7287097779903,6058.966578705236
ID776,A,2700.4775289861886,391.0152189151598,6142.14376363015
ID777,B,2597.159821981488,400.2866541510495,5193.588998139752
ID778,A,2623.0922983344108,391.70240643677204,5913.027413003777
ID779,B,2266.9907680342963,389.16155428682424,4516.073438414922
ID780,A,2746.2211512330205,392.111122344872,6277.027121667849
ID781,C,2798.7536718675965,401.740476970806,-2394.0127008493896
ID782,A,2369.8681618643373,393.67409529326716,5123.412900373639
ID783,C,2466.351496854631,384.15870360507284,-2075.9426863156355
ID784,B,2541.2896773314164,404.6979232393319,5086.398739877191
ID785,C,2721.6307619317563,376.4523614325737,-2349.598351217894
ID786,C,2537.246066358304,423.49023249496304,-2103.0375441883825
ID787,A,2965.1534212674705,395.9301439737493,6884.4582070174665
ID788,C,2763.7503635153425,379.8344228500228,-2390.135287689644
ID789,B,2147.2898656187112,402.8997688744865,4288.328276752713
ID790,B,2452.708369304603,388.7460101192732,4892.052917574426
ID791,C,2259.1614515868027,410.2545727009827,-1838.3057429309106
ID792,B,2594.5436435399197,396.4376128571748,5199.032931590813
ID793,B,3064.641658976712,376.3082092251197,6125.067057521655
ID794,B,2324.741069404388,403.66122962362704,4647.495156924792
ID795,A,2247.180625194772,380.0468185822155,4820.267237354442
ID796,A,2323.2664312215916,423.7626931672453,4857.930917206484
ID797,B,2482.992342767141,391.24499923664456,4953.056333647854
ID798,C,2738.658390537582,390.91978100932863,-2334.257366356548
ID799,A,2055.501979216892,397.53070809277995,4180.802661969723
